pos	base	variant	E_reduced	p	F	B
0	A	AATGTAGT			723	0
0	C	CATGTAGT			0	0
0	G	GATGTAGT			0	0
0	T	TATGTAGT			0	0
1	A	AATGTAGT			723	0
1	C	ACTGTAGT			0	0
1	G	AGTGTAGT			0	0
1	T	ATTGTAGT			0	0
2	A	AAAGTAGT	-0.15689586594141136	1.022763990879216e-18	346	1119
2	C	AACGTAGT	-0.001544187519797291	0.9566281847233232	112	1353
2	G	AAGGTAGT	-0.15206933103472375	7.482743757378039e-16	293	1172
2	T	AATGTAGT	0.21110974349793177	1.8914985631828473e-44	714	751
3	A	AATATAGT	-0.14727470675001758	1.0833232050414342e-10	184	1238
3	C	AATCTAGT	-0.13304848966613675	8.827181057599349e-11	238	1184
3	G	AATGTAGT	0.24455007991897326	2.1717940789666816e-57	708	714
3	T	AATTTAGT	-0.15936174081706872	4.232875105747205e-17	292	1130
4	A	AATGAAGT	-0.0956368261665026	9.718539218409127e-14	679	1973
4	C	AATGCAGT	-0.06997519775010741	3.052553430280167e-08	715	1937
4	G	AATGGAGT	-0.07618464069609171	2.6389732217116945e-08	565	2087
4	T	AATGTAGT	0.23193172886894176	8.195338319039953e-74	693	1959
5	A	AATGTAGT	0.23145266907643147	1.1717078819663492e-61	707	1080
5	C	AATGTCGT	-0.0677208145092647	0.03014655807542769	90	1697
5	G	AATGTGGT	-0.12972054067501454	1.5731577193444583e-19	620	1167
5	T	AATGTTGT	-0.1383337465906273	2.2906533280947447e-16	370	1417
6	A	AATGTAAT	-0.1881457621052433	2.600151294580199e-29	423	1004
6	C	AATGTACT	-0.12785864672571512	1.595344523390705e-11	291	1136
6	G	AATGTAGT	0.23998294970161982	1.6000622817818836e-55	713	714
6	T	AATGTATT			0	0
7	A	AATGTAGA	-0.11689407919253963	3.026527730931795e-11	339	1314
7	C	AATGTAGC	-0.12758881368659247	8.900071805482237e-12	289	1364
7	G	AATGTAGG	-0.1327876242674449	2.0911532806697452e-13	315	1338
7	T	AATGTAGT	0.2364808149000045	4.961229009055807e-61	710	943
