pos	A	C	G	T
-4	0.09426208161275168	0.2322014187936093	0.31579440593131713	0.3577420936623218
-3	0.47276253069277235	0.08704831943738933	0.3232554126799121	0.11693373718992618
-2	0.11020740759288374	0.3165706027640119	0.44526701037206395	0.12795497927104044
-1	0.08937136112647531	0.17661104926517154	0.09630606281291493	0.6377115267954382
0	0.0547983316327935	0.03238897656882252	0.8319263090338244	0.08088638276455967
1	0.06521794641913374	0.8686149053707627	0.028300243843007545	0.037866904367096076
2	0.010453807461921115	0.962607351476341	0.020490503613492875	0.006448337448244875
3	0.303613441110898	0.6214049770527093	0.04847243956796784	0.026509142268424914
4	0.0772545364309937	0.47363866628969337	0.04906809582229755	0.40003870145701537
5	0.004282227222767833	0.9848256762691725	0.005718483645473247	0.005173612862586408
6	0.014970728675730674	0.024070517356499788	0.009893861644887042	0.9510648923228825
7	0.4375492622461859	0.022070120050110834	0.477564246593538	0.06281637111016523
8	0.02612760673223538	0.2797951321234757	0.6120171765020276	0.08206008464226135
9	0.10188910353937035	0.0912859714625157	0.03239168668427466	0.7744332383138391
10	0.05045078421380025	0.04755264220603808	0.8660537237690457	0.03594284981111612
11	0.02492569889678061	0.0431776637553586	0.8829654843630061	0.04893115298485453
12	0.1571136877057147	0.4779825491279154	0.07056325545979393	0.2943405077065759
13	0.2187522018665111	0.4890793459451067	0.20524990634842272	0.08691854583995948
14	0.3816440204380498	0.1969040408383464	0.26883360973391796	0.15261832898968597
