kmer	E	F	gaps
GCCCCCTA	0.3229333463807422	781	0
TAGGGGGC	0.32117374100686524	822	0
CGCCACCT	0.31953087376982336	963	0
CCCCCTAG	0.3137262980083463	814	0
GCGCCCCC	0.3117417086666393	955	0
TAGAGGGC	0.31105925190707595	1268	0
AGGTGGCG	0.3102229503255757	975	0
CAGGGGGC	0.30643006105585247	1592	0
TCTAGTGG	0.305405355107358	1603	0
AGGGGGCA	0.3044118924570852	1634	0
GCCCTCTA	0.3033542871832835	1260	0
CCACTAGA	0.30332370667952524	1605	0
TGCCCCCT	0.30307004146966887	1620	0
ACTAGGGG	0.3016919676345552	759	0
GCCACTAG	0.3016457443670686	1194	0
CTAGGGGG	0.3004389531897408	848	0
GGTGGCGC	0.29915490743767115	889	0
GCCCCCTG	0.29684441950519735	1619	0
CCACTAGG	0.2967809870295216	1621	0
GTGGCGCT	0.29646400494696223	569	0
GCGCCACC	0.29623706088879087	896	0
CTAGTGGC	0.2946596065920499	1171	0
AGCGCCAC	0.2932034905156563	557	0
GAGGGCGC	0.2930475821974732	1042	0
CCTAGTGG	0.2927323113325574	1572	0
TAG.GGGC	0.29130348935113426	2462	1
GCCC.CTA	0.29125470328724856	2415	1
GATGGCGC	0.2897667509041957	457	0
GCGCCCTC	0.28821141531746264	1051	0
CTAGAGGG	0.28658433730828614	1483	0
GGGGGCGC	0.2860843499921496	1049	0
CACTAGAG	0.28606621721136893	1252	0
GCGCCATC	0.28426247637295476	460	0
TAGGTGGC	0.2835973123794281	1245	0
CGCTAGGT	0.2833773286916127	138	0
ACCACTAG	0.28106502469174366	1110	0
GCCACCTA	0.2799529611846635	1242	0
CCTCTAGT	0.27994967575726326	1198	0
ACTAGAGG	0.27960462448654844	1195	0
CCCTCTAG	0.2794337556582679	1528	0
ACCGCTAG	0.2780285465373553	168	0
CCCCCTGG	0.2772935937918456	1159	0
CTAGTGGT	0.2761870050732942	1042	0
CCGCTAGG	0.27525352975701034	270	0
AGCGCCCC	0.2746450719611574	601	0
CCCCTAGT	0.27413277496950506	764	0
CACTAGAT	0.27365129664670074	1063	0
CCAGGGGG	0.2719108423469906	1263	0
CTAG.GGG	0.271212801467829	3121	1
CCC.CTAG	0.27111580155057347	3161	1
