step	side	gaps_used	base	variant	E_reduced	p	F	B	IC	pos
3	left	0	A	AAGTGCCC	-0.08506642147910953	6.619665000871539e-09	484	1946	0.06700282528589763	-4
3	left	0	C	CAGTGCCC	0.005086195969070895	0.6668045949077117	1058	1372	0.06700282528589763	-4
3	left	0	G	GAGTGCCC	0.03583481679276068	0.013118247850808873	504	1926	0.06700282528589763	-4
3	left	0	T	TAGTGCCC	0.04830690982404695	0.002626856122532998	384	2046	0.06700282528589763	-4
2	left	0	A	AGTGCCCC	0.07059941240339784	7.654787942246742e-07	614	1224	0.14686258643908312	-3
2	left	0	C	CGTGCCCC	-0.09861357288022349	5.920054680549455e-06	197	1641	0.14686258643908312	-3
2	left	0	G	GGTGCCCC	0.03258436729608405	0.02619104302225546	557	1281	0.14686258643908312	-3
2	left	0	T	TGTGCCCC	-0.06909916635560531	7.6148230458820145e-06	470	1368	0.14686258643908312	-3
1	left	0	A	ATGCCCCC	-0.08236793079080923	2.2042117498801915e-06	306	2747	0.11237090674444805	-2
1	left	0	C	CTGCCCCC	0.023150286830709854	0.02961065841674818	1815	1238	0.11237090674444805	-2
1	left	0	G	GTGCCCCC	0.057263070362831514	1.7838189476019558e-05	577	2476	0.11237090674444805	-2
1	left	0	T	TTGCCCCC	-0.06743649442988547	3.518655798191055e-05	355	2698	0.11237090674444805	-2
0	left	0	A	AGCCCCCT	-0.09570273054452516	6.961626765315659e-10	383	3594	0.2539091222008534	-1
0	left	0	C	CGCCCCCT	-0.027587773812865035	0.003381545031667112	1527	2450	0.2539091222008534	-1
0	left	0	G	GGCCCCCT	-0.08822963165805892	3.6810682160916923e-10	478	3499	0.2539091222008534	-1
0	left	0	T	TGCCCCCT	0.10080584377730906	4.0492569040573175e-27	1589	2388	0.2539091222008534	-1
0	core	0	A	ACCCCCTA	-0.11146396182892532	5.2690332763349655e-09	274	1386		0
0	core	0	C	CCCCCCTA	-0.16404812315729067	5.6581103702657384e-08	97	1563		0
0	core	0	G	GCCCCCTA	0.1605444498903048	1.3365856280374088e-29	772	888		0
0	core	0	T	TCCCCCTA	-0.07252538790484847	2.150353255198943e-06	517	1143		0
1	core	0	A	GACCCCTA	-0.07155128932601978	0.0010373673258363937	204	1244		1
1	core	0	C	GCCCCCTA	0.1873652304032537	7.961450357480444e-35	778	670		1
1	core	0	G	GGCCCCTA	-0.15503771551724138	6.68858970905002e-14	232	1216		1
1	core	0	T	GTCCCCTA	-0.1259170081245864	1.0125175812794345e-09	234	1214		1
2	core	0	A	GCACCCTA	-0.1719514106583072	4.889421201875849e-15	200	1276		2
2	core	0	C	GCCCCCTA	0.28031652248864103	2.294176057879892e-77	779	697		2
2	core	0	G	GCGCCCTA	-0.10465188286073457	0.00015026866442276188	119	1357		2
2	core	0	T	GCTCCCTA	-0.2202658031437631	1.8478714756132406e-37	378	1098		2
3	core	0	A	GCCACCTA	0.05775784680501905	1.3115398666383615e-07	1234	1596		3
3	core	0	C	GCCCCCTA	0.12938061574203807	1.9652970019618083e-26	777	2053		3
3	core	0	G	GCCGCCTA	-0.125718146883102	4.8054227591284416e-08	167	2663		3
3	core	0	T	GCCTCCTA	-0.1860687184167385	3.0717048770061106e-47	652	2178		3
4	core	0	A	GCCCACTA	-0.12978116760461267	6.53864283423114e-13	291	2114		4
4	core	0	C	GCCCCCTA	0.05155274094597273	4.276060725908393e-05	775	1630		4
4	core	0	G	GCCCGCTA	-0.1751708270109984	2.7686318453103473e-08	87	2318		4
4	core	0	T	GCCCTCTA	0.03466439819445866	0.0032680944406769333	1252	1153		4
5	core	0	A	GCCCCATA	-0.23247979010673547	2.2367951198166665e-27	218	1077		5
5	core	0	C	GCCCCCTA	0.3113193492640486	1.3785153823562593e-80	776	519		5
5	core	0	G	GCCCCGTA	-0.2035567481160082	2.1545833642195493e-10	87	1208		5
5	core	0	T	GCCCCTTA	-0.2135699897118452	4.867338156677296e-23	214	1081		5
6	core	0	A	GCCCCCAA	-0.1541928666957299	2.1355028006504565e-21	419	1292		6
6	core	0	C	GCCCCCCA	-0.10670377945432463	2.751704477210139e-09	318	1393		6
6	core	0	G	GCCCCCGA	-0.1956111010968909	3.1413958323193714e-19	198	1513		6
6	core	0	T	GCCCCCTA	0.2609556756160759	2.6751825760280007e-77	776	935		6
7	core	0	A	GCCCCCTA	0.11056659429366278	1.690465268069401e-21	766	3206		7
7	core	0	C	GCCCCCTC	-0.18812986961725353	6.204038811317606e-68	934	3038		7
7	core	0	G	GCCCCCTG	0.11931753427678504	3.031809656418953e-37	1583	2389		7
7	core	0	T	GCCCCCTT	-0.08353076299731166	5.0433576145128385e-12	689	3283		7
0	right	0	A	CCCCCTGA	-0.21585535015651885	5.868535038704158e-33	281	2858	0.30947149386413975	8
0	right	0	C	CCCCCTGC	0.02125116782829406	0.041024520893354816	1359	1780	0.30947149386413975	8
0	right	0	G	CCCCCTGG	0.09952143622013931	1.8961547467406797e-20	1129	2010	0.30947149386413975	8
0	right	0	T	CCCCCTGT	-0.10140942676153941	2.2169118858135623e-10	370	2769	0.30947149386413975	8
1	right	0	A	CCCCTGGA	-0.018366135052595878	0.11638015279747296	768	2947	0.4515736491456728	9
1	right	0	C	CCCCTGGC	-0.029354922956385476	0.0063137991972378	980	2735	0.4515736491456728	9
1	right	0	G	CCCCTGGG	-0.1329644546099022	6.395766745655894e-36	1016	2699	0.4515736491456728	9
1	right	0	T	CCCCTGGT	0.18445851042622508	9.005460570188529e-65	951	2764	0.4515736491456728	9
2	right	0	A	CCCTGGTA	-0.09816017631754131	2.400662736698956e-08	302	2497	0.6107529038402009	10
2	right	0	C	CCCTGGTC	-0.10407626998844144	7.917482186063429e-14	530	2269	0.6107529038402009	10
2	right	0	G	CCCTGGTG	0.18613468890922158	3.313703996536294e-65	1408	1391	0.6107529038402009	10
2	right	0	T	CCCTGGTT	-0.13206698824431384	3.8636678613924154e-22	559	2240	0.6107529038402009	10
3	right	0	A	CCTGGTGA	-0.15014245014245015	1.8389521313371922e-47	975	3762	0.6499668993590066	11
3	right	0	C	CCTGGTGC	-0.09520005380331253	3.1878443307079687e-18	849	3888	0.6499668993590066	11
3	right	0	G	CCTGGTGG	0.20659622539128564	1.1979205243314272e-131	2059	2678	0.6499668993590066	11
3	right	0	T	CCTGGTGT	-0.082690958788112	3.5049082673991253e-14	854	3883	0.6499668993590066	11
4	right	0	A	CTGGTGGA	-0.03335029872393652	0.0006365567189434086	1148	3666	0.14110183604004078	12
4	right	0	C	CTGGTGGC	0.07791015676750257	5.174541211404663e-19	1667	3147	0.14110183604004078	12
4	right	0	G	CTGGTGGG	-0.11339631079464274	8.194016143406657e-26	874	3940	0.14110183604004078	12
4	right	0	T	CTGGTGGT	0.029426463058341623	0.0027653423390636995	1125	3689	0.14110183604004078	12
5	right	0	A	TGGTGGCA	0.006651396635837359	0.5092112798565477	1202	2589	0.12023771159969465	13
5	right	0	C	TGGTGGCC	0.0871099113454139	1.6374410658010434e-16	1023	2768	0.12023771159969465	13
5	right	0	G	TGGTGGCG	0.00028026675477399454	0.986124852416484	354	3437	0.12023771159969465	13
5	right	0	T	TGGTGGCT	-0.0856454199122898	1.6233366164508335e-17	1212	2579	0.12023771159969465	13
6	right	0	A	GGTGGCCA	0.04658194373946445	2.9739232027497548e-05	1071	1788	0.04230102442043482	14
6	right	0	C	GGTGGCCC	-0.01959523453466927	0.13254967325187206	630	2229	0.04230102442043482	14
6	right	0	G	GGTGGCCG	0.01154237839767347	0.46558510638801787	385	2474	0.04230102442043482	14
6	right	0	T	GGTGGCCT	-0.045072863009603836	0.0002093966139321103	773	2086	0.04230102442043482	14
