step	side	gaps_used	base	variant	E_reduced	p	F	B	pos
0	left	1	A	AC.CCGGA	-0.023022012455446328	0.0252459668360928	968	4220	-1
0	left	1	C	CC.CCGGA	0.036869236688985785	2.9678036890742576e-05	1507	3681	-1
0	left	1	G	GC.CCGGA	0.025994787981258982	0.001746260029297085	1917	3271	-1
0	left	1	T	TC.CCGGA	-0.0782258285965346	2.010615100392327e-12	796	4392	-1
0	core	0	A	AGCCGGAA	-0.11292002659887879	1.9948135618402871e-16	622	1528	0
0	core	0	C	CGCCGGAA	0.2157560790273556	1.645902523808904e-46	470	1680	0
0	core	0	G	GGCCGGAA	0.0048728899735611675	0.718152308340585	660	1490	0
0	core	0	T	TGCCGGAA	-0.09727863059590186	1.3006731909064077e-09	398	1752	0
1	core	0	A	CACCGGAA	-0.019305019305019322	0.21166169110664834	444	1631	1
1	core	0	C	CCCCGGAA	-0.01071236337672321	0.43711082207752866	630	1445	1
1	core	0	G	CGCCGGAA	0.19951286435244997	1.0583910860471397e-40	489	1586	1
1	core	0	T	CTCCGGAA	-0.16369886636276393	8.605048444628038e-29	512	1563	1
2	core	0	A	CGACGGAA	-0.11510867719476991	0.00011836109861632302	104	906	2
2	core	0	C	CGCCGGAA	0.22041239054702944	7.899253725161352e-34	494	516	2
2	core	0	G	CGGCGGAA	-0.11955920977503709	1.0970611106075986e-09	315	695	2
2	core	0	T	CGTCGGAA	-0.2163875746660494	2.288636971843289e-12	97	913	2
3	core	0	A	CGCAGGAA	-0.12168627515418406	9.023869573375805e-17	552	1323	3
3	core	0	C	CGCCGGAA	0.349531971796742	1.8896910009066164e-119	504	1371	3
3	core	0	G	CGCGGGAA	-0.06147822129850372	0.00016108109733858512	399	1476	3
3	core	0	T	CGCTGGAA	-0.19055473735886108	1.0030665636683985e-32	420	1455	3
4	core	0	A	CGCCAGAA	-0.18573991909173954	3.0919268727167226e-23	316	970	4
4	core	0	C	CGCCCGAA	-0.09194795343816553	0.0002372786518330274	151	1135	4
4	core	0	G	CGCCGGAA	0.3773073400825462	4.558064918730124e-117	521	765	4
4	core	0	T	CGCCTGAA	-0.26387115180827647	1.7894286488457417e-43	298	988	4
5	core	0	A	CGCCGAAA	-0.19228307254623045	5.69563828249426e-11	111	760	5
5	core	0	C	CGCCGCAA	-0.2578603511637403	3.2164877395162437e-24	158	713	5
5	core	0	G	CGCCGGAA	0.3251039443870031	1.8240872497080057e-59	524	347	5
5	core	0	T	CGCCGTAA	-0.22380120929931774	6.599770476987034e-11	78	793	5
6	core	0	A	CGCCGGAA	0.3238399252569293	5.46296262287967e-98	507	1140	6
6	core	0	C	CGCCGGCA	-0.1433238705347879	1.8483599748576552e-16	349	1298	6
6	core	0	G	CGCCGGGA	-0.15651426762537873	1.466926146867526e-27	702	945	6
6	core	0	T	CGCCGGTA	-0.13281937372892355	2.4388432490603532e-05	89	1558	6
7	core	0	A	CGCCGGAA	0.29421114141020643	1.1187053585935164e-70	510	755	7
7	core	0	C	CGCCGGAC	-0.1302415251968082	1.9448853790239467e-09	213	1052	7
7	core	0	G	CGCCGGAG	-0.21461928312229178	4.278366247676565e-39	542	723	7
7	core	0	T	CGCCGGAT			0	0	7
0	right	1	A	.CCGGAAA	-0.06753854042211127	1.835024534913384e-15	1833	3126	8
0	right	1	C	.CCGGAAC	-0.07779877657034723	1.9544902534203528e-14	1014	3945	8
0	right	1	G	.CCGGAAG	0.1642352762870547	2.1544774599539533e-84	1895	3064	8
0	right	1	T	.CCGGAAT	-0.248189043103398	3.210741758326388e-35	217	4742	8
1	right	2	A	.CGGAA.A	-0.09787048305739893	1.210011967349338e-62	3700	7062	9
1	right	2	C	.CGGAA.C	0.1252029208328257	4.454841096345358e-106	4126	6636	9
1	right	2	G	.CGGAA.G	-0.023244219653179188	0.0009086913862754581	2112	8650	9
1	right	2	T	.CGGAA.T	-0.054480009065917434	1.9332793711774444e-07	824	9938	9
2	right	3	A	.GGAA..A	-0.03302538591172388	2.816860579049323e-47	32859	30943	10
2	right	3	C	.GGAA..C	0.03665331124073945	3.805280808927294e-42	15011	48791	10
2	right	3	G	.GGAA..G	0.02555175957548661	8.029495325288567e-19	12447	51355	10
2	right	3	T	.GGAA..T	-0.04566629787543569	1.085480032142296e-19	3485	60317	10
